id,from_energy_unit_id,to_energy_unit_id,conversion_factor
2,360,1,0.2930710000000000
5,193,360,1000.0000000000000000
6,360,193,0.0010000000000000
9,357,5,0.0010000000000000
10,5,357,1000.0000000000000000
11,235,5,0.1020000000000000
12,5,235,9.8040000000000000
13,5,337,0.9804000000000000
14,337,5,1.0200000000000000
2181,3,507,0.1054800000000000
2182,149,507,1.0548000000000000
17,357,337,0.0010200000000000
18,337,357,1020.0001600000000000
19,235,337,0.1000000000000000
20,337,235,10.0000000000000000
21,192,359,1000.0000000000000000
22,359,192,0.0010000000000000
23,358,126,0.0833300000000000
24,126,358,12.0000000000000000
25,126,191,0.0120000000000000
26,191,126,83.3330000000000000
27,358,191,0.0010000000000000
28,191,358,1000.0000000000000000
29,336,362,1000.0000000000000000
30,362,336,0.0010000000000000
31,406,407,0.0074805200000000
32,406,7,0.1000000000000000
33,406,8,10.0000000000000000
34,406,275,0.7480520000000000
35,406,9,74.8052000000000000
36,406,6,0.1000000000000000
37,406,316,0.7480520000000000
38,406,11,0.0748052000000000
39,406,383,0.0100000000000000
40,406,255,7.4805200000000000
41,406,409,0.2831680000000000
42,407,7,13.3681000000000000
43,407,8,1336.8100000000000000
44,407,275,100.0000000000000000
45,407,9,10000.0000000000000000
46,407,6,1.3368100000000000
47,407,316,100.0000000000000000
48,407,11,10.0000000000000000
49,407,383,1336.8100000000000000
50,407,255,10.0000000000000000
51,407,409,37.8541000000000000
52,407,406,133.6810000000000000
53,7,275,7.4805200000000000
54,7,316,7.4805200000000000
55,7,383,0.1000000000000000
56,7,255,0.7480520000000000
57,7,409,2.8316800000000000
58,7,407,0.0748052000000000
59,7,406,10.0000000000000000
60,8,275,0.0748052000000000
61,8,9,7.4805200000000000
62,8,6,0.0100000000000000
63,8,316,0.0748052000000000
64,8,11,0.0074805200000000
65,8,383,0.0010000000000000
66,8,255,0.0074805200000000
67,8,409,0.0283168000000000
68,8,407,0.0007480000000000
69,8,406,0.1000000000000000
70,275,9,100.0000000000000000
71,275,6,0.1336810000000000
72,275,316,1.0000000000000000
73,275,11,0.1000000000000000
74,275,383,13.3681000000000000
75,275,255,0.1000000000000000
76,275,409,0.3785410000000000
77,275,406,1.3368100000000000
78,275,407,0.0100000000000000
79,275,7,0.1336810000000000
80,275,8,13.3681000000000000
82,9,316,0.0100000000000000
83,9,11,0.0010000000000000
84,9,383,0.0001336810000000
85,9,255,0.0010000000000000
86,9,409,0.0037854100000000
87,9,406,0.0133681000000000
88,9,407,0.0001000000000000
89,9,8,0.1336810000000000
90,9,275,0.0100000000000000
91,6,316,7.4805200000000000
92,6,11,0.7480520000000000
93,6,255,0.7480520000000000
95,6,406,10.0000000000000000
96,6,407,0.7480520000000000
97,6,7,1.0000000000000000
98,6,8,100.0000000000000000
99,6,275,7.4805200000000000
673,626,624,1.3079500000000000
101,316,11,0.1000000000000000
102,316,383,13.3681000000000000
103,316,255,0.1000000000000000
104,316,409,0.3785410000000000
105,316,406,1.3368100000000000
106,316,407,0.0100000000000000
107,316,7,0.1336810000000000
108,316,8,1.3368100000000000
109,316,275,1.0000000000000000
110,316,9,100.0000000000000000
111,316,6,0.1336810000000000
112,11,255,1.0000000000000000
113,11,383,133.6810000000000000
114,11,409,3.7854100000000000
115,11,406,1.3368100000000000
116,11,407,0.0100000000000000
117,11,8,133.6810000000000000
118,11,275,10.0000000000000000
119,11,9,1000.0000000000000000
120,11,6,1.3368100000000000
121,11,316,10.0000000000000000
122,383,255,0.0074805200000000
123,383,409,28.3168000000000000
124,383,406,100.0000000000000000
125,383,407,0.0007480520000000
126,383,7,10.0000000000000000
127,383,8,1000.0000000000000000
128,383,275,0.0748052000000000
129,383,9,7480.5200000000000000
130,383,6,10.0000000000000000
131,383,316,0.0748805200000000
132,383,11,0.0074805200000000
133,255,409,3.7854100000000000
81,9,6,0.0013368100000000
1,1,360,3.4121400000000000
8,193,408,0.2930710000000000
4,360,408,0.0002930710000000
3,408,360,3412.1400000000000000
134,255,406,0.1336805000000000
135,255,407,0.1000000000000000
136,255,7,1.3368050000000000
137,255,8,133.6805000000000000
138,255,275,10.0000000000000000
139,255,9,1000.0000000000000000
140,255,6,1.3368050000000000
141,255,316,10.0000000000000000
142,255,11,1.0000000000000000
143,255,383,133.6810000000000000
144,1,408,0.0010000000000000
146,408,1,1000.0000000000000000
148,3,5,0.1000000000000000
149,5,3,10.0000000000000000
150,3,357,100.0000000000000000
151,357,3,0.0100000000000000
152,3,235,0.9652509650000000
153,235,3,1.0360000000000000
154,3,337,0.0965251000000000
155,337,3,10.3600000000000000
156,4,192,1.1940000000000000
157,192,4,0.8375209380000000
2161,676,11,1.0000000000000000
159,359,4,0.0008375210000000
160,7,6,1.0000000000000000
161,7,11,0.7480520000000000
162,11,7,1.3368054630000000
163,7,9,748.0520000000000000
165,7,8,100.0000000000000000
166,8,7,0.0100000000000000
167,194,361,1000.0000000000000000
168,128,361,137.4000000000000000
169,405,357,10.2700000000000000
170,405,5,0.0102700000000000
171,405,235,0.1000000000000000
172,405,337,0.0100000000000000
173,3,405,9.6700000000000000
174,361,128,0.0072780204000000
175,361,194,0.0010000000000000
176,194,128,7.2780204000000000
177,405,3,0.1034126163000000
178,235,405,10.0000000000000000
179,357,405,0.0973709834000000
180,337,405,100.0000000000000000
181,5,405,97.3709834469000000
182,6,383,0.1000000000000000
183,409,406,3.5314724828000000
184,409,407,0.0264172177000000
185,409,7,0.3531472483000000
186,409,8,35.3147248277000000
187,409,275,2.6417217686000000
188,409,9,264.1721768580000000
145,1,193,0.0034121400000000
190,409,316,2.6417217686000000
191,409,11,0.2641721769000000
192,409,383,0.0353147248000000
193,409,255,0.2641721769000000
100,6,9,748.0520000000000000
164,9,7,0.0013368100000000
214,431,169,0.0000000000000000
234,430,170,0.0000000000000000
254,1,1,1.0000000000000000
274,5,149,1.0000000000000000
294,149,5,1.0000000000000000
354,149,235,9.6525096500000000
315,235,149,0.1036000000000000
355,149,337,0.9652510000000000
374,337,149,1.0360000000000000
316,149,357,1000.0000000000000000
317,357,149,0.0010000000000000
335,149,405,96.7000000000000000
356,405,149,0.0103412600000000
693,626,622,0.0000000000000000
713,626,620,0.0000000000000000
334,3,149,0.1000000000000000
314,149,3,10.0000000000000000
147,193,1,293.0710000000000000
753,626,170,0.0000000000000000
434,384,453,91.5000000000000000
474,453,384,0.0109200000000000
513,506,4,1.0000000000000000
773,626,430,1.3079500000000000
553,545,543,8.7410000000000000
554,544,542,12.0760000000000000
555,543,541,0.0000000000000000
556,542,540,0.0000000000000000
559,543,545,0.1144000000000000
579,542,544,0.0828000000000000
599,552,550,0.1336810000000000
600,553,551,0.1336810000000000
601,550,552,7.4805200000000000
602,551,553,7.4805200000000000
603,552,546,0.1374160000000000
604,553,547,0.1202860000000000
605,552,548,137.4160000000000000
606,553,549,120.2860000000000000
607,548,552,0.0072800000000000
608,549,553,0.0083100000000000
609,546,552,7.2770000000000000
610,547,553,8.3135000000000000
611,550,546,1.0279000000000000
612,551,547,0.8998000000000000
613,546,550,0.9729000000000000
614,547,551,1.1110000000000000
633,170,620,2000.0000000000000000
653,169,621,2000.0000000000000000
714,626,600,1.3079500000000000
774,624,626,0.7645550000000000
754,624,622,0.0000000000000000
715,624,620,0.0000000000000000
775,624,170,0.0000000000000000
674,624,430,1.0000000000000000
776,624,600,1.0000000000000000
755,622,626,0.0000000000000000
675,622,624,0.0000000000000000
756,622,620,2.2062000000000000
777,622,170,0.0011000000000000
694,622,430,0.0000000000000000
695,622,600,0.0000000000000000
716,620,626,0.0000000000000000
696,620,624,0.0000000000000000
697,620,622,0.4535900000000000
778,620,170,0.0005000000000000
698,620,430,0.0000000000000000
699,620,600,0.0000000000000000
7,408,193,3.4121400000000000
557,545,541,0.0085000000000000
632,545,579,8.5000000000000000
558,544,540,0.0124000000000000
734,170,626,0.0000000000000000
737,621,625,0.0000000000000000
993,507,3,9.4804300000000000
1013,507,357,948.0430000000000000
1033,506,359,1194.0000000000000000
1053,541,579,1000.0000000000000000
1074,629,3,0.0100000000000000
1136,540,776,1000.0000000000000000
779,170,624,0.0000000000000000
1073,547,549,1000.0000000000000000
1093,629,357,1.0200000000000000
717,170,622,907.1850000000000000
724,625,431,1.0000000000000000
1153,579,545,0.1176500000000000
1173,579,543,1.0284000000000000
700,170,430,0.0000000000000000
780,170,600,0.0000000000000000
735,430,626,0.7645550000000000
676,430,624,1.0000000000000000
702,600,620,0.0000000000000000
701,430,622,0.0000000000000000
707,623,431,0.0000000000000000
736,430,620,0.0000000000000000
1194,543,579,0.9724000000000000
1195,776,544,0.0806000000000000
1196,776,540,0.0010000000000000
781,430,600,1.0000000000000000
719,600,626,0.7645550000000000
720,600,624,1.0000000000000000
723,625,623,0.0000000000000000
783,621,627,0.0000000000000000
1175,541,545,117.6500000000000000
1177,540,544,80.6452000000000000
757,600,622,0.0000000000000000
721,600,170,0.0000000000000000
758,600,430,1.0000000000000000
760,627,621,0.0000000000000000
761,623,627,0.0000000000000000
1134,776,542,0.9738700000000000
703,627,625,1.3079500000000000
759,627,623,0.0000000000000000
722,627,169,0.0000000000000000
762,623,169,0.0011023100000000
1176,579,541,0.0010000000000000
704,627,431,1.3079500000000000
677,625,627,0.7645550000000000
678,625,621,0.0000000000000000
705,625,169,0.0000000000000000
782,623,625,0.0000000000000000
679,169,625,0.0000000000000000
682,431,621,0.0000000000000000
1154,544,776,12.4000000000000000
706,623,621,2.2046200000000000
784,621,623,0.4535920000000000
763,621,169,0.0005000000000000
738,621,431,0.0000000000000000
708,169,627,0.0000000000000000
739,169,623,907.1850000000000000
1135,542,776,1.0268000000000000
740,169,431,0.0000000000000000
680,431,627,0.7645550000000000
786,431,625,1.0000000000000000
681,431,623,0.0000000000000000
933,384,636,0.9150000000000000
189,409,6,0.3531472483000000
94,6,409,2.8316800000000000
893,508,3,0.3630300000000000
953,636,384,1.0920000000000000
1253,548,546,0.0010000000000000
1254,549,547,0.0010000000000000
1255,453,877,0.0010000000000000
1257,357,507,0.0010551000000000
1258,360,853,0.0010551000000000
1259,359,858,0.0010551000000000
1260,776,861,0.0010551000000000
1261,549,864,0.0010551000000000
1262,548,867,0.0010551000000000
1263,362,870,0.0010551000000000
1264,361,873,0.0010551000000000
1265,358,876,0.0010551000000000
1266,453,880,0.0010551000000000
1294,357,854,0.2930710000000000
1295,359,856,0.2930710000000000
1296,776,859,0.2930710000000000
1297,549,862,0.2930710000000000
1298,548,865,0.2930710000000000
1299,362,868,0.2930710000000000
1300,361,871,0.2930710000000000
1301,358,874,0.2930710000000000
1302,453,878,0.2930710000000000
1334,357,855,0.0002930710000000
1335,359,857,0.0002930710000000
1336,776,860,0.0002930710000000
1337,549,863,0.0002930710000000
1338,548,866,0.0002930710000000
1339,362,869,0.0002930710000000
1340,361,872,0.0002930710000000
1341,358,875,0.0002930710000000
1342,453,879,0.0002930710000000
1373,580,9,264.1721768580000000
1393,486,9,1.0000000000000000
1233,854,3,0.0341296000000000
1413,508,235,0.3530100000000000
1414,235,508,2.8300000000000000
1415,508,149,0.0353000000000000
1416,149,508,28.3300000000000000
1417,508,854,10.5500000000000000
1418,854,508,0.0947867299000000
1419,508,337,0.0353000000000000
1420,337,508,28.3300000000000000
1421,508,5,0.0353000000000000
1422,5,508,28.3300000000000000
1423,508,855,0.0105500000000000
1424,855,508,94.7900000000000000
1425,3,508,2.8328611898000000
1426,357,508,0.0273166022000000
913,508,357,36.6077740000000000
1427,1087,878,13.6000000000000000
1428,878,1087,0.0735294118000000
1429,1087,879,0.0136000000000000
1430,879,1087,73.5294117647000000
1431,1087,880,0.0490000000000000
1432,880,1087,20.4081632653000000
1433,1087,636,0.4409240000000000
1434,636,1087,2.2679645472000000
1435,1087,716,18.9376858000000000
1436,716,1087,0.0528047624000000
1437,1087,756,2.2046200000000000
1438,756,1087,0.4535929094000000
1439,1087,384,0.5291088000000000
1440,384,1087,9.1859350841000000
1549,872,361,3412.1400000000000000
1569,879,453,3412.1400000000000000
1443,1087,453,46.4520000000000000
1444,453,1087,0.0215275984000000
1213,3,854,29.3083000000000000
1589,854,357,3.4120000000000000
1445,1087,877,0.0464520000000000
1446,877,1087,21.5275983811000000
1447,1088,170,1.1023100000000000
1448,170,1088,0.9071850000000000
1449,1088,620,2204.6200000000000000
1450,620,1088,0.0004535920000000
1451,1088,622,1000.0000000000000000
1452,622,1088,0.0010000000000000
1453,1088,624,15.9755392767000000
1454,624,1088,0.0625956960000000
1455,1088,626,12.2141819468000000
1456,626,1088,0.0818720406000000
1457,1088,430,0.0000000000000000
1458,430,1088,0.0000000000000000
1459,1088,600,0.0000000000000000
1460,600,1088,0.0000000000000000
1461,1089,169,1.1023100000000000
1462,169,1089,0.9071850000000000
1463,1089,621,2204.6200000000000000
1464,621,1089,0.0004535920000000
1465,1089,623,1000.0000000000000000
1466,623,1089,0.0010000000000000
1467,1089,625,19.8614812629000000
1468,625,1089,0.0503487120000000
1469,1089,627,15.1851991766000000
1470,627,1089,0.0658535979000000
1471,1089,431,0.0000000000000000
1472,431,1089,0.0000000000000000
1473,337,507,1.0550559865000000
1474,507,337,0.9478170000000000
1475,337,1067,1055.0559865500000000
1476,1067,337,0.0009478170000000
1477,337,854,293.1000000000000000
1478,854,337,0.0034120000000000
1479,337,855,0.2931000000000000
1480,855,337,3.4120000000000000
1481,337,629,1000.0000000000000000
1482,629,337,0.0010000000000000
1483,337,778,10.0000000000000000
1484,778,337,0.1000000000000000
1485,676,9,1000.0000000000000000
1505,906,4,0.0010000000000000
1506,906,359,1.1940000000000000
1525,906,192,0.0011940000000000
1545,409,508,1.0000000000000000
1546,409,580,1.0000000000000000
1547,508,409,1.0000000000000000
1548,580,409,1.0000000000000000
1550,855,357,3412.1400000000000000
1709,1212,6,3.5314720000000000
1611,129,360,1030.0000000000000000
1629,873,361,947.8170000000000000
2141,676,6,1.3368054630000000
1610,874,358,3412.1400000000000000
1710,1212,7,3.5314720000000000
1649,546,548,1000.0000000000000000
1631,862,549,3.4120000000000000
1613,1067,357,0.9478000000000000
1614,716,453,2.5160000000000000
1615,880,453,947.8170000000000000
1632,1131,453,24.3040000000000000
1650,756,453,21.9600000000000000
1669,636,453,99.9180000000000000
1670,877,453,1000.0000000000000000
1633,856,359,3.4120000000000000
1689,907,3,0.8476812000000000
1711,1212,8,353.1472000000000000
1712,1212,9,2641.7220000000000000
1713,1212,11,2.6417220000000000
1714,1212,255,2.6417220000000000
1715,1212,275,26.4172200000000000
1716,1212,316,26.4172200000000000
1717,1212,383,0.3531470000000000
1718,1212,406,35.3147200000000000
1719,1212,407,0.2641720000000000
1720,6,1212,0.2831680000000000
1721,7,1212,0.2831680000000000
1722,8,1212,0.0028316800000000
1723,9,1212,0.0003785410000000
1724,11,1212,0.3785410000000000
1725,255,1212,0.3785410000000000
1726,275,1212,0.0378541000000000
1727,316,1212,0.0378541000000000
1728,383,1212,2.8316800020000000
1729,406,1212,0.0283168000000000
1730,407,1212,3.7854099980000000
1731,1067,3,0.0094780000000000
1751,1213,128,0.2641739130000000
1752,128,1213,3.7853851220000000
1753,1213,194,0.0364560000000000
1754,194,1213,27.4303269700000000
1755,1213,361,36.4560000000000000
1756,361,1213,0.0274303270000000
1757,1213,871,10.6846424400000000
1758,871,1213,0.0935922760000000
1759,1213,872,0.0106846420000000
1760,872,1213,93.5922756200000000
1761,1213,873,0.0384631210000000
1762,873,1213,25.9989302200000000
1763,1214,552,0.2641739130000000
1764,552,1214,3.7853851220000000
1765,1214,550,0.0353140000000000
1766,550,1214,28.3173812100000000
1767,1214,546,0.0364560000000000
1768,546,1214,27.4303269700000000
1769,1214,548,36.4560000000000000
1770,548,1214,0.0274303270000000
1771,1214,865,10.6846424400000000
1772,865,1214,0.0935922760000000
1773,1214,866,0.0106846420000000
1774,866,1214,93.5922756200000000
1775,1214,867,0.0384631210000000
1776,867,1214,25.9989302200000000
1777,1215,553,0.2642007930000000
1778,553,1215,3.7850000000000000
1779,1215,551,0.0353140000000000
1780,551,1215,28.3173812100000000
1781,1215,547,0.0317606340000000
1782,547,1215,31.4855174900000000
1783,1215,549,31.7606340800000000
1784,549,1215,0.0314855170000000
1785,1215,862,9.3085094030000000
1786,862,1215,0.0935922760000000
1787,1215,863,0.0093085090000000
1788,863,1215,107.4285857000000000
1789,1215,864,0.0335092470000000
1790,864,1215,29.8425087300000000
1791,1216,126,8.5500000000000000
1792,126,1216,0.1169590640000000
1793,1216,191,0.1026000000000000
1794,191,1216,9.7465886940000000
1795,1216,358,102.6000000000000000
1796,358,1216,0.0097465890000000
1797,1216,874,30.0703399800000000
1798,874,1216,0.0332553610000000
1799,1216,875,0.0300703400000000
1800,875,1216,33.2553606200000000
1801,1216,876,0.1082487440000000
1802,876,1216,9.2379824560000000
1803,1217,1216,0.0133681000000000
1804,1216,1217,74.8049461000000000
1805,1217,126,8.7491165030000000
1806,126,1217,0.1142972550000000
1807,1217,191,0.1049893980000000
1808,191,1217,9.5247712500000000
1809,1217,358,104.9893980000000000
1810,358,1217,0.0095247710000000
1811,1217,874,30.7706324900000000
1812,874,1217,0.0324985200000000
1813,1217,875,30770.6324900000000000
1814,875,1217,0.0000324985195000
1815,1217,876,0.1107696930000000
1816,876,1217,9.0277401120000000
1817,1218,1217,0.0010000000000000
1818,1217,1218,1000.0000000000000000
1819,1218,1216,0.0000133681000000
1820,1216,1218,74804.9461000000000000
1821,1218,126,0.0087491170000000
1822,126,1218,114.2972550000000000
1823,1218,191,104.9893980000000000
1824,191,1218,0.0095247710000000
1825,1218,358,104989.3980000000000000
1826,358,1218,0.0000095247712500
1827,1218,874,30770.6324900000000000
1828,874,1218,0.0000324985195050
1829,1218,875,30.7706324900000000
1830,875,1218,0.0324985200000000
1831,1218,876,110.7696929000000000
1832,876,1218,0.0090277400000000
1833,1219,149,0.0008476810000000
1834,149,1219,1179.6887790000000000
1835,1219,235,0.0001336810000000
1836,235,1219,7480.4946100000000000
1837,1219,3,0.0084768120000000
1838,3,1219,117.9688779000000000
1839,1219,337,0.0000013368100000
1840,337,1219,748049.4610000000000000
1841,1219,907,0.0100000000000000
1842,907,1219,100.0000000000000000
1843,1219,508,0.0000378541000000
1844,508,1219,26417.2176900000000000
1845,1219,5,0.0008476810000000
1846,5,1219,1179.6887790000000000
1847,1219,357,0.8476812000000000
1848,357,1219,1.1796887790000000
1849,1219,854,0.2484411490000000
1850,854,1219,4.0250981150000000
1851,1219,855,0.0002484410000000
1852,855,1219,4025.0981150000000000
1853,1219,507,0.0008943510000000
1854,507,1219,1118.1290800000000000
1855,1220,1219,10.0000000000000000
1856,1219,1220,0.1000000000000000
1857,1220,149,0.0000847681200000
1858,149,1220,11796.8877900000000000
1859,1220,235,0.0000133681000000
1860,235,1220,74804.9461000000000000
1861,1220,3,0.0008476810000000
1862,3,1220,1179.6887790000000000
1863,1220,337,0.0000001336810000
1864,337,1220,7480494.6100000000000000
1865,1220,907,0.0010000000000000
1866,907,1220,1000.0000000000000000
1867,1220,508,0.0000037854100000
1868,508,1220,264172.1769000000000000
1869,1220,5,0.0000847681200000
1870,5,1220,11796.8877900000000000
1871,1220,357,0.0847681200000000
1872,357,1220,11.7968877900000000
1873,1220,854,0.0248441150000000
1874,854,1220,40.2509811500000000
1875,1220,855,0.0248441150000000
1876,855,1220,0.0402509810000000
1877,1220,507,0.0000894351124740
1878,507,1220,11181.2908000000000000
1879,1221,1220,7480.4946100000000000
1880,1220,1221,0.0001336810000000
1881,1221,1219,74804.9461000000000000
1882,1219,1221,0.0000133681000000
1883,1221,149,0.0000540578880000
1884,149,1221,18498.6879300000000000
1885,1221,235,0.0052688000000000
1886,235,1221,189.7965381000000000
1887,1221,3,0.0005405790000000
1888,3,1221,1849.8687930000000000
1889,1221,337,0.0005268800000000
1890,337,1221,1897.9653810000000000
1891,1221,907,748.0494610000000000
1892,907,1221,0.0000001336810000
1893,1221,508,0.0283167390000000
1894,508,1221,35.3148007700000000
1895,1221,5,0.0000540578880000
1896,5,1221,18498.6879300000000000
1897,1221,357,0.0540578880000000
1898,357,1221,18.4986879300000000
1899,1221,854,0.0158434610000000
1900,854,1221,63.1175232000000000
1901,1221,855,0.0000158434607300
1902,855,1221,63117.5232000000000000
1903,1221,507,0.0000570340983540
1904,507,1221,17533.3708900000000000
1905,1222,1221,2000.0000000000000000
1906,1221,1222,0.0005000000000000
1907,1222,1220,14960989.2200000000000000
1908,1220,1222,0.0000000668405000
1909,1222,1219,149609892.2000000000000000
1910,1219,1222,0.0000000066840500
1911,1222,149,0.1081157760000000
1912,149,1222,9.2493439630000000
1913,1222,235,10.5376000000000000
1914,235,1222,0.0948982690000000
1915,1222,3,1.0811577600000000
1916,3,1222,0.9249343960000000
1917,1222,337,1.0537600000000000
1918,337,1222,0.9489826910000000
1919,1222,907,0.0000000000668405
1920,907,1222,14960989221.0000000000000000
1921,1222,508,0.0000141583695500
1922,508,1222,70629.6015500000000000
1923,1222,5,0.1081157760000000
1924,5,1222,9.2493439630000000
1925,1222,357,108.1157760000000000
1926,357,1222,0.0092493440000000
1927,1222,854,31.6869214500000000
1928,854,1222,0.0315587620000000
1929,1222,855,0.0316869210000000
1930,855,1222,31.5587616000000000
1931,1222,507,0.1140681970000000
1932,507,1222,8.7666854470000000
1933,1223,545,0.0326033290000000
1934,545,1223,30.6717141400000000
1935,1223,543,0.2849941380000000
1936,543,1223,3.5088440970000000
1937,1223,541,0.0034120000000000
1938,541,1223,293.0832356000000000
1939,1223,579,3.4120000000000000
1940,579,1223,0.2930832360000000
1941,580,8,35.3010000000000000
1961,580,7,0.3530100000000000
1962,580,6,0.3530100000000000
158,4,359,1194.0000000000000000
16,235,357,103.6000000000000000
15,357,235,0.0096525096500000
2003,1213,1110,0.2641720000000000
1983,1110,1213,3.7854100000000000
1612,871,361,3.4120000000000000
2061,1007,9,264.1720000000000000
2081,9,1007,0.0037854100000000
